href,source_url,first_seen_utc
https://www.oefb.at/bewerbe/Spiel/3920430/?FC-Marchfeld-Donauauen-vs-SV-Horn,https://www.oefb.at/bewerbe/Bewerb/Spielplan/226510?Regionalliga-Ost,2026-03-18T11:43:42Z
https://www.oefb.at/bewerbe/Spiel/3920460/?SV-Kloecher-Bau-Oberwart-vs-SC-ESV-Parndorf-1919,https://www.oefb.at/bewerbe/Bewerb/Spielplan/226510?Regionalliga-Ost,2026-03-18T11:43:42Z
https://www.oefb.at/bewerbe/Spiel/3920300/?SR-Donaufeld-vs-SV-Donau,https://www.oefb.at/bewerbe/Bewerb/Spielplan/226510?Regionalliga-Ost,2026-03-18T11:43:42Z
https://www.oefb.at/bewerbe/Spiel/3920447/?SV-Leobendorf-vs-Wiener-Viktoria,https://www.oefb.at/bewerbe/Bewerb/Spielplan/226510?Regionalliga-Ost,2026-03-18T11:43:42Z
https://www.oefb.at/bewerbe/Spiel/3920414/?SC-Neusiedl-am-See-1919-vs-SG-Kremser-SC-Rehberg-KM-I,https://www.oefb.at/bewerbe/Bewerb/Spielplan/226510?Regionalliga-Ost,2026-03-18T11:43:42Z
https://www.oefb.at/bewerbe/Spiel/3920373/?Sportunion-Mauer-vs-FavAC,https://www.oefb.at/bewerbe/Bewerb/Spielplan/226510?Regionalliga-Ost,2026-03-18T11:43:42Z
https://www.oefb.at/bewerbe/Spiel/3920341/?Retz-vs-Wiener-Sport-Club,https://www.oefb.at/bewerbe/Bewerb/Spielplan/226510?Regionalliga-Ost,2026-03-18T11:43:42Z
https://www.oefb.at/bewerbe/Spiel/3920421/?SV-druckmittel-at-Gloggnitz-vs-FCM-Traiskirchen,https://www.oefb.at/bewerbe/Bewerb/Spielplan/226510?Regionalliga-Ost,2026-03-18T11:43:42Z
https://www.oefb.at/bewerbe/Spiel/3920285/?TWL-Elektra-vs-FC-Marchfeld-Donauauen,https://www.oefb.at/bewerbe/Bewerb/Spielplan/226510?Regionalliga-Ost,2026-03-18T11:43:42Z
https://www.oefb.at/bewerbe/Spiel/3920405/?SG-Kremser-SC-Rehberg-KM-I-vs-SV-Leobendorf,https://www.oefb.at/bewerbe/Bewerb/Spielplan/226510?Regionalliga-Ost,2026-03-18T11:43:42Z
https://www.oefb.at/bewerbe/Spiel/3920534/?SV-Horn-vs-SV-Donau,https://www.oefb.at/bewerbe/Bewerb/Spielplan/226510?Regionalliga-Ost,2026-03-18T11:43:42Z
https://www.oefb.at/bewerbe/Spiel/3920382/?Wiener-Sport-Club-vs-Sportunion-Mauer,https://www.oefb.at/bewerbe/Bewerb/Spielplan/226510?Regionalliga-Ost,2026-03-18T11:43:42Z
https://www.oefb.at/bewerbe/Spiel/3920292/?SC-ESV-Parndorf-1919-vs-SC-Neusiedl-am-See-1919,https://www.oefb.at/bewerbe/Bewerb/Spielplan/226510?Regionalliga-Ost,2026-03-18T11:43:42Z
https://www.oefb.at/bewerbe/Spiel/3920428/?FCM-Traiskirchen-vs-Retz,https://www.oefb.at/bewerbe/Bewerb/Spielplan/226510?Regionalliga-Ost,2026-03-18T11:43:42Z
https://www.oefb.at/bewerbe/Spiel/3920523/?SR-Donaufeld-vs-SV-Kloecher-Bau-Oberwart,https://www.oefb.at/bewerbe/Bewerb/Spielplan/226510?Regionalliga-Ost,2026-03-18T11:43:42Z
https://www.oefb.at/bewerbe/Spiel/3920423/?Wiener-Viktoria-vs-SV-druckmittel-at-Gloggnitz,https://www.oefb.at/bewerbe/Bewerb/Spielplan/226510?Regionalliga-Ost,2026-03-18T11:43:42Z
https://www.oefb.at/bewerbe/Spiel/3920494/?SV-druckmittel-at-Gloggnitz-vs-SG-Kremser-SC-Rehberg-KM-I,https://www.oefb.at/bewerbe/Bewerb/Spielplan/226510?Regionalliga-Ost,2026-03-18T11:43:42Z
https://www.oefb.at/bewerbe/Spiel/3920433/?FavAC-vs-Wiener-Sport-Club,https://www.oefb.at/bewerbe/Bewerb/Spielplan/226510?Regionalliga-Ost,2026-03-18T11:43:42Z
https://www.oefb.at/bewerbe/Spiel/3920518/?SV-Kloecher-Bau-Oberwart-vs-SV-Horn,https://www.oefb.at/bewerbe/Bewerb/Spielplan/226510?Regionalliga-Ost,2026-03-18T11:43:42Z
https://www.oefb.at/bewerbe/Spiel/3920438/?SC-Neusiedl-am-See-1919-vs-SR-Donaufeld,https://www.oefb.at/bewerbe/Bewerb/Spielplan/226510?Regionalliga-Ost,2026-03-18T11:43:42Z
https://www.oefb.at/bewerbe/Spiel/3920489/?SV-Donau-vs-TWL-Elektra,https://www.oefb.at/bewerbe/Bewerb/Spielplan/226510?Regionalliga-Ost,2026-03-18T11:43:42Z
https://www.oefb.at/bewerbe/Spiel/3920472/?SV-Leobendorf-vs-SC-ESV-Parndorf-1919,https://www.oefb.at/bewerbe/Bewerb/Spielplan/226510?Regionalliga-Ost,2026-03-18T11:43:42Z
https://www.oefb.at/bewerbe/Spiel/3920532/?Sportunion-Mauer-vs-FCM-Traiskirchen,https://www.oefb.at/bewerbe/Bewerb/Spielplan/226510?Regionalliga-Ost,2026-03-18T11:43:42Z
https://www.oefb.at/bewerbe/Spiel/3920324/?Retz-vs-Wiener-Viktoria,https://www.oefb.at/bewerbe/Bewerb/Spielplan/226510?Regionalliga-Ost,2026-03-18T11:43:42Z
https://www.oefb.at/bewerbe/Spiel/3920319/?SG-Kremser-SC-Rehberg-KM-I-vs-Retz,https://www.oefb.at/bewerbe/Bewerb/Spielplan/226510?Regionalliga-Ost,2026-03-18T11:43:42Z
https://www.oefb.at/bewerbe/Spiel/3920465/?TWL-Elektra-vs-SV-Kloecher-Bau-Oberwart,https://www.oefb.at/bewerbe/Bewerb/Spielplan/226510?Regionalliga-Ost,2026-03-18T11:43:42Z
https://www.oefb.at/bewerbe/Spiel/3920331/?SC-ESV-Parndorf-1919-vs-SV-druckmittel-at-Gloggnitz,https://www.oefb.at/bewerbe/Bewerb/Spielplan/226510?Regionalliga-Ost,2026-03-18T11:43:42Z
https://www.oefb.at/bewerbe/Spiel/3920350/?FCM-Traiskirchen-vs-FavAC,https://www.oefb.at/bewerbe/Bewerb/Spielplan/226510?Regionalliga-Ost,2026-03-18T11:43:42Z
https://www.oefb.at/bewerbe/Spiel/3920399/?FC-Marchfeld-Donauauen-vs-SV-Donau,https://www.oefb.at/bewerbe/Bewerb/Spielplan/226510?Regionalliga-Ost,2026-03-18T11:43:42Z
https://www.oefb.at/bewerbe/Spiel/3920391/?SV-Horn-vs-SC-Neusiedl-am-See-1919,https://www.oefb.at/bewerbe/Bewerb/Spielplan/226510?Regionalliga-Ost,2026-03-18T11:43:42Z
https://www.oefb.at/bewerbe/Spiel/3920366/?SR-Donaufeld-vs-SV-Leobendorf,https://www.oefb.at/bewerbe/Bewerb/Spielplan/226510?Regionalliga-Ost,2026-03-18T11:43:42Z
https://www.oefb.at/bewerbe/Spiel/3920435/?Wiener-Viktoria-vs-Sportunion-Mauer,https://www.oefb.at/bewerbe/Bewerb/Spielplan/226510?Regionalliga-Ost,2026-03-18T11:43:42Z
https://www.oefb.at/bewerbe/Spiel/3920491/?SV-Kloecher-Bau-Oberwart-vs-FC-Marchfeld-Donauauen,https://www.oefb.at/bewerbe/Bewerb/Spielplan/226510?Regionalliga-Ost,2026-03-18T11:43:42Z
https://www.oefb.at/bewerbe/Spiel/3920361/?SV-druckmittel-at-Gloggnitz-vs-SR-Donaufeld,https://www.oefb.at/bewerbe/Bewerb/Spielplan/226510?Regionalliga-Ost,2026-03-18T11:43:42Z
https://www.oefb.at/bewerbe/Spiel/3920514/?FavAC-vs-Wiener-Viktoria,https://www.oefb.at/bewerbe/Bewerb/Spielplan/226510?Regionalliga-Ost,2026-03-18T11:43:42Z
https://www.oefb.at/bewerbe/Spiel/3920543/?SC-Neusiedl-am-See-1919-vs-TWL-Elektra,https://www.oefb.at/bewerbe/Bewerb/Spielplan/226510?Regionalliga-Ost,2026-03-18T11:43:42Z
https://www.oefb.at/bewerbe/Spiel/3920530/?Wiener-Sport-Club-vs-FCM-Traiskirchen,https://www.oefb.at/bewerbe/Bewerb/Spielplan/226510?Regionalliga-Ost,2026-03-18T11:43:42Z
https://www.oefb.at/bewerbe/Spiel/3920304/?SG-Kremser-SC-Rehberg-KM-I-vs-Sportunion-Mauer,https://www.oefb.at/bewerbe/Bewerb/Spielplan/226510?Regionalliga-Ost,2026-03-18T11:43:42Z
https://www.oefb.at/bewerbe/Spiel/3920283/?Retz-vs-SC-ESV-Parndorf-1919,https://www.oefb.at/bewerbe/Bewerb/Spielplan/226510?Regionalliga-Ost,2026-03-18T11:43:42Z
https://www.oefb.at/bewerbe/Spiel/3920336/?SV-Leobendorf-vs-SV-Horn,https://www.oefb.at/bewerbe/Bewerb/Spielplan/226510?Regionalliga-Ost,2026-03-18T11:43:42Z
https://www.oefb.at/bewerbe/Spiel/3920432/?FC-Marchfeld-Donauauen-vs-SC-Neusiedl-am-See-1919,https://www.oefb.at/bewerbe/Bewerb/Spielplan/226510?Regionalliga-Ost,2026-03-18T11:43:42Z
https://www.oefb.at/bewerbe/Spiel/3920458/?SV-Donau-vs-SV-Kloecher-Bau-Oberwart,https://www.oefb.at/bewerbe/Bewerb/Spielplan/226510?Regionalliga-Ost,2026-03-18T11:43:42Z
https://www.oefb.at/bewerbe/Spiel/3920426/?SC-ESV-Parndorf-1919-vs-Sportunion-Mauer,https://www.oefb.at/bewerbe/Bewerb/Spielplan/226510?Regionalliga-Ost,2026-03-18T11:43:42Z
https://www.oefb.at/bewerbe/Spiel/3920498/?SV-Horn-vs-SV-druckmittel-at-Gloggnitz,https://www.oefb.at/bewerbe/Bewerb/Spielplan/226510?Regionalliga-Ost,2026-03-18T11:43:42Z
https://www.oefb.at/bewerbe/Spiel/3920278/?TWL-Elektra-vs-SV-Leobendorf,https://www.oefb.at/bewerbe/Bewerb/Spielplan/226510?Regionalliga-Ost,2026-03-18T11:43:42Z
https://www.oefb.at/bewerbe/Spiel/3920404/?SG-Kremser-SC-Rehberg-KM-I-vs-FavAC,https://www.oefb.at/bewerbe/Bewerb/Spielplan/226510?Regionalliga-Ost,2026-03-18T11:43:42Z
https://www.oefb.at/bewerbe/Spiel/3920509/?Wiener-Viktoria-vs-Wiener-Sport-Club,https://www.oefb.at/bewerbe/Bewerb/Spielplan/226510?Regionalliga-Ost,2026-03-18T11:43:42Z
https://www.oefb.at/bewerbe/Spiel/3920463/?SR-Donaufeld-vs-Retz,https://www.oefb.at/bewerbe/Bewerb/Spielplan/226510?Regionalliga-Ost,2026-03-18T11:43:42Z
https://www.oefb.at/bewerbe/Spiel/3920425/?SC-Neusiedl-am-See-1919-vs-SV-Donau,https://www.oefb.at/bewerbe/Bewerb/Spielplan/226510?Regionalliga-Ost,2026-03-18T11:43:42Z
https://www.oefb.at/bewerbe/Spiel/3920408/?FavAC-vs-SC-ESV-Parndorf-1919,https://www.oefb.at/bewerbe/Bewerb/Spielplan/226510?Regionalliga-Ost,2026-03-18T11:43:42Z
https://www.oefb.at/bewerbe/Spiel/3920364/?SG-Kremser-SC-Rehberg-KM-I-vs-Wiener-Sport-Club,https://www.oefb.at/bewerbe/Bewerb/Spielplan/226510?Regionalliga-Ost,2026-03-18T11:43:42Z
https://www.oefb.at/bewerbe/Spiel/3920317/?SV-druckmittel-at-Gloggnitz-vs-TWL-Elektra,https://www.oefb.at/bewerbe/Bewerb/Spielplan/226510?Regionalliga-Ost,2026-03-18T11:43:42Z
https://www.oefb.at/bewerbe/Spiel/3920284/?Retz-vs-SV-Horn,https://www.oefb.at/bewerbe/Bewerb/Spielplan/226510?Regionalliga-Ost,2026-03-18T11:43:42Z
https://www.oefb.at/bewerbe/Spiel/3920320/?FCM-Traiskirchen-vs-Wiener-Viktoria,https://www.oefb.at/bewerbe/Bewerb/Spielplan/226510?Regionalliga-Ost,2026-03-18T11:43:42Z
https://www.oefb.at/bewerbe/Spiel/3920334/?Sportunion-Mauer-vs-SR-Donaufeld,https://www.oefb.at/bewerbe/Bewerb/Spielplan/226510?Regionalliga-Ost,2026-03-18T11:43:42Z
https://www.oefb.at/bewerbe/Spiel/3966823/?SV-Leobendorf-vs-FC-Marchfeld-Donauauen,https://www.oefb.at/bewerbe/Bewerb/Spielplan/226510?Regionalliga-Ost,2026-03-18T11:43:42Z
https://www.oefb.at/bewerbe/Spiel/3920352/?SG-Kremser-SC-Rehberg-KM-I-vs-FCM-Traiskirchen,https://www.oefb.at/bewerbe/Bewerb/Spielplan/226510?Regionalliga-Ost,2026-03-18T11:43:42Z
https://www.oefb.at/bewerbe/Spiel/3920293/?TWL-Elektra-vs-Retz,https://www.oefb.at/bewerbe/Bewerb/Spielplan/226510?Regionalliga-Ost,2026-03-18T11:43:42Z
https://www.oefb.at/bewerbe/Spiel/3920288/?SC-ESV-Parndorf-1919-vs-Wiener-Sport-Club,https://www.oefb.at/bewerbe/Bewerb/Spielplan/226510?Regionalliga-Ost,2026-03-18T11:43:42Z
https://www.oefb.at/bewerbe/Spiel/3920476/?FC-Marchfeld-Donauauen-vs-SV-druckmittel-at-Gloggnitz,https://www.oefb.at/bewerbe/Bewerb/Spielplan/226510?Regionalliga-Ost,2026-03-18T11:43:42Z
https://www.oefb.at/bewerbe/Spiel/3920348/?SV-Horn-vs-Sportunion-Mauer,https://www.oefb.at/bewerbe/Bewerb/Spielplan/226510?Regionalliga-Ost,2026-03-18T11:43:42Z
https://www.oefb.at/bewerbe/Spiel/3920513/?SV-Donau-vs-SV-Leobendorf,https://www.oefb.at/bewerbe/Bewerb/Spielplan/226510?Regionalliga-Ost,2026-03-18T11:43:42Z
https://www.oefb.at/bewerbe/Spiel/3920310/?SR-Donaufeld-vs-FavAC,https://www.oefb.at/bewerbe/Bewerb/Spielplan/226510?Regionalliga-Ost,2026-03-18T11:43:42Z
https://www.oefb.at/bewerbe/Spiel/3920449/?SV-Kloecher-Bau-Oberwart-vs-SC-Neusiedl-am-See-1919,https://www.oefb.at/bewerbe/Bewerb/Spielplan/226510?Regionalliga-Ost,2026-03-18T11:43:42Z
https://www.oefb.at/bewerbe/Spiel/3920487/?FavAC-vs-SV-Horn,https://www.oefb.at/bewerbe/Bewerb/Spielplan/226510?Regionalliga-Ost,2026-03-18T11:43:42Z
https://www.oefb.at/bewerbe/Spiel/3920503/?FCM-Traiskirchen-vs-SC-ESV-Parndorf-1919,https://www.oefb.at/bewerbe/Bewerb/Spielplan/226510?Regionalliga-Ost,2026-03-18T11:43:42Z
https://www.oefb.at/bewerbe/Spiel/3920456/?SV-druckmittel-at-Gloggnitz-vs-SV-Donau,https://www.oefb.at/bewerbe/Bewerb/Spielplan/226510?Regionalliga-Ost,2026-03-18T11:43:42Z
https://www.oefb.at/bewerbe/Spiel/3920511/?SV-Leobendorf-vs-SV-Kloecher-Bau-Oberwart,https://www.oefb.at/bewerbe/Bewerb/Spielplan/226510?Regionalliga-Ost,2026-03-18T11:43:42Z
https://www.oefb.at/bewerbe/Spiel/3920524/?Sportunion-Mauer-vs-TWL-Elektra,https://www.oefb.at/bewerbe/Bewerb/Spielplan/226510?Regionalliga-Ost,2026-03-18T11:43:42Z
https://www.oefb.at/bewerbe/Spiel/3920328/?SR-Donaufeld-vs-Wiener-Sport-Club,https://www.oefb.at/bewerbe/Bewerb/Spielplan/226510?Regionalliga-Ost,2026-03-18T11:43:42Z
https://www.oefb.at/bewerbe/Spiel/3920347/?Wiener-Viktoria-vs-SG-Kremser-SC-Rehberg-KM-I,https://www.oefb.at/bewerbe/Bewerb/Spielplan/226510?Regionalliga-Ost,2026-03-18T11:43:42Z
https://www.oefb.at/bewerbe/Spiel/3920436/?Retz-vs-FC-Marchfeld-Donauauen,https://www.oefb.at/bewerbe/Bewerb/Spielplan/226510?Regionalliga-Ost,2026-03-18T11:43:42Z
https://www.oefb.at/bewerbe/Spiel/3920280/?SC-ESV-Parndorf-1919-vs-Wiener-Viktoria,https://www.oefb.at/bewerbe/Bewerb/Spielplan/226510?Regionalliga-Ost,2026-03-18T11:43:42Z
https://www.oefb.at/bewerbe/Spiel/3920459/?FC-Marchfeld-Donauauen-vs-Sportunion-Mauer,https://www.oefb.at/bewerbe/Bewerb/Spielplan/226510?Regionalliga-Ost,2026-03-18T11:43:42Z
https://www.oefb.at/bewerbe/Spiel/3920443/?SV-Kloecher-Bau-Oberwart-vs-SV-druckmittel-at-Gloggnitz,https://www.oefb.at/bewerbe/Bewerb/Spielplan/226510?Regionalliga-Ost,2026-03-18T11:43:42Z
https://www.oefb.at/bewerbe/Spiel/3920471/?SC-Neusiedl-am-See-1919-vs-SV-Leobendorf,https://www.oefb.at/bewerbe/Bewerb/Spielplan/226510?Regionalliga-Ost,2026-03-18T11:43:42Z
https://www.oefb.at/bewerbe/Spiel/3920287/?SV-Horn-vs-Wiener-Sport-Club,https://www.oefb.at/bewerbe/Bewerb/Spielplan/226510?Regionalliga-Ost,2026-03-18T11:43:42Z
https://www.oefb.at/bewerbe/Spiel/3920376/?TWL-Elektra-vs-FavAC,https://www.oefb.at/bewerbe/Bewerb/Spielplan/226510?Regionalliga-Ost,2026-03-18T11:43:42Z
https://www.oefb.at/bewerbe/Spiel/3920478/?SV-Donau-vs-Retz,https://www.oefb.at/bewerbe/Bewerb/Spielplan/226510?Regionalliga-Ost,2026-03-18T11:43:42Z
https://www.oefb.at/bewerbe/Spiel/3920282/?SR-Donaufeld-vs-FCM-Traiskirchen,https://www.oefb.at/bewerbe/Bewerb/Spielplan/226510?Regionalliga-Ost,2026-03-18T11:43:42Z
https://www.oefb.at/bewerbe/Spiel/3920440/?FCM-Traiskirchen-vs-SV-Horn,https://www.oefb.at/bewerbe/Bewerb/Spielplan/226510?Regionalliga-Ost,2026-03-18T11:43:42Z
https://www.oefb.at/bewerbe/Spiel/3920415/?TWL-Elektra-vs-Wiener-Sport-Club,https://www.oefb.at/bewerbe/Bewerb/Spielplan/226510?Regionalliga-Ost,2026-03-18T11:43:42Z
https://www.oefb.at/bewerbe/Spiel/3920386/?SG-Kremser-SC-Rehberg-KM-I-vs-SC-ESV-Parndorf-1919,https://www.oefb.at/bewerbe/Bewerb/Spielplan/226510?Regionalliga-Ost,2026-03-18T11:43:42Z
https://www.oefb.at/bewerbe/Spiel/3920538/?SV-druckmittel-at-Gloggnitz-vs-SC-Neusiedl-am-See-1919,https://www.oefb.at/bewerbe/Bewerb/Spielplan/226510?Regionalliga-Ost,2026-03-18T11:43:42Z
https://www.oefb.at/bewerbe/Spiel/3920299/?FavAC-vs-FC-Marchfeld-Donauauen,https://www.oefb.at/bewerbe/Bewerb/Spielplan/226510?Regionalliga-Ost,2026-03-18T11:43:42Z
https://www.oefb.at/bewerbe/Spiel/3920480/?Retz-vs-SV-Kloecher-Bau-Oberwart,https://www.oefb.at/bewerbe/Bewerb/Spielplan/226510?Regionalliga-Ost,2026-03-18T11:43:42Z
https://www.oefb.at/bewerbe/Spiel/3920371/?Wiener-Viktoria-vs-SR-Donaufeld,https://www.oefb.at/bewerbe/Bewerb/Spielplan/226510?Regionalliga-Ost,2026-03-18T11:43:42Z
https://www.oefb.at/bewerbe/Spiel/3920505/?Sportunion-Mauer-vs-SV-Donau,https://www.oefb.at/bewerbe/Bewerb/Spielplan/226510?Regionalliga-Ost,2026-03-18T11:43:42Z
https://www.oefb.at/bewerbe/Spiel/3920519/?SV-Horn-vs-Wiener-Viktoria,https://www.oefb.at/bewerbe/Bewerb/Spielplan/226510?Regionalliga-Ost,2026-03-18T11:43:42Z
https://www.oefb.at/bewerbe/Spiel/3920295/?TWL-Elektra-vs-FCM-Traiskirchen,https://www.oefb.at/bewerbe/Bewerb/Spielplan/226510?Regionalliga-Ost,2026-03-18T11:43:42Z
https://www.oefb.at/bewerbe/Spiel/3920340/?FC-Marchfeld-Donauauen-vs-Wiener-Sport-Club,https://www.oefb.at/bewerbe/Bewerb/Spielplan/226510?Regionalliga-Ost,2026-03-18T11:43:42Z
https://www.oefb.at/bewerbe/Spiel/3920502/?SV-Kloecher-Bau-Oberwart-vs-Sportunion-Mauer,https://www.oefb.at/bewerbe/Bewerb/Spielplan/226510?Regionalliga-Ost,2026-03-18T11:43:42Z
https://www.oefb.at/bewerbe/Spiel/3920451/?SV-Donau-vs-FavAC,https://www.oefb.at/bewerbe/Bewerb/Spielplan/226510?Regionalliga-Ost,2026-03-18T11:43:42Z
https://www.oefb.at/bewerbe/Spiel/3920492/?SC-Neusiedl-am-See-1919-vs-Retz,https://www.oefb.at/bewerbe/Bewerb/Spielplan/226510?Regionalliga-Ost,2026-03-18T11:43:42Z
https://www.oefb.at/bewerbe/Spiel/3920445/?SV-Leobendorf-vs-SV-druckmittel-at-Gloggnitz,https://www.oefb.at/bewerbe/Bewerb/Spielplan/226510?Regionalliga-Ost,2026-03-18T11:43:42Z
https://www.oefb.at/bewerbe/Spiel/3920444/?SR-Donaufeld-vs-SG-Kremser-SC-Rehberg-KM-I,https://www.oefb.at/bewerbe/Bewerb/Spielplan/226510?Regionalliga-Ost,2026-03-18T11:43:42Z
https://www.oefb.at/bewerbe/Spiel/3920342/?FCM-Traiskirchen-vs-FC-Marchfeld-Donauauen,https://www.oefb.at/bewerbe/Bewerb/Spielplan/226510?Regionalliga-Ost,2026-03-18T11:43:42Z
https://www.oefb.at/bewerbe/Spiel/3920306/?SG-Kremser-SC-Rehberg-KM-I-vs-SV-Horn,https://www.oefb.at/bewerbe/Bewerb/Spielplan/226510?Regionalliga-Ost,2026-03-18T11:43:42Z
https://www.oefb.at/bewerbe/Spiel/3920296/?FavAC-vs-SV-Kloecher-Bau-Oberwart,https://www.oefb.at/bewerbe/Bewerb/Spielplan/226510?Regionalliga-Ost,2026-03-18T11:43:42Z
https://www.oefb.at/bewerbe/Spiel/3920301/?SC-ESV-Parndorf-1919-vs-SR-Donaufeld,https://www.oefb.at/bewerbe/Bewerb/Spielplan/226510?Regionalliga-Ost,2026-03-18T11:43:42Z
https://www.oefb.at/bewerbe/Spiel/3920477/?SV-Donau-vs-Wiener-Sport-Club,https://www.oefb.at/bewerbe/Bewerb/Spielplan/226510?Regionalliga-Ost,2026-03-18T11:43:42Z
https://www.oefb.at/bewerbe/Spiel/3920547/?Sportunion-Mauer-vs-SC-Neusiedl-am-See-1919,https://www.oefb.at/bewerbe/Bewerb/Spielplan/226510?Regionalliga-Ost,2026-03-18T11:43:42Z
https://www.oefb.at/bewerbe/Spiel/3920528/?Wiener-Viktoria-vs-TWL-Elektra,https://www.oefb.at/bewerbe/Bewerb/Spielplan/226510?Regionalliga-Ost,2026-03-18T11:43:42Z
https://www.oefb.at/bewerbe/Spiel/3920286/?Retz-vs-SV-Leobendorf,https://www.oefb.at/bewerbe/Bewerb/Spielplan/226510?Regionalliga-Ost,2026-03-18T11:43:42Z
https://www.oefb.at/bewerbe/Spiel/3920401/?SC-Neusiedl-am-See-1919-vs-FavAC,https://www.oefb.at/bewerbe/Bewerb/Spielplan/226510?Regionalliga-Ost,2026-03-18T11:43:42Z
https://www.oefb.at/bewerbe/Spiel/3920522/?TWL-Elektra-vs-SG-Kremser-SC-Rehberg-KM-I,https://www.oefb.at/bewerbe/Bewerb/Spielplan/226510?Regionalliga-Ost,2026-03-18T11:43:42Z
https://www.oefb.at/bewerbe/Spiel/3920318/?SV-Horn-vs-SC-ESV-Parndorf-1919,https://www.oefb.at/bewerbe/Bewerb/Spielplan/226510?Regionalliga-Ost,2026-03-18T11:43:42Z
https://www.oefb.at/bewerbe/Spiel/3920302/?FCM-Traiskirchen-vs-SV-Donau,https://www.oefb.at/bewerbe/Bewerb/Spielplan/226510?Regionalliga-Ost,2026-03-18T11:43:42Z
https://www.oefb.at/bewerbe/Spiel/3920549/?SV-Kloecher-Bau-Oberwart-vs-Wiener-Sport-Club,https://www.oefb.at/bewerbe/Bewerb/Spielplan/226510?Regionalliga-Ost,2026-03-18T11:43:42Z
https://www.oefb.at/bewerbe/Spiel/3920411/?FC-Marchfeld-Donauauen-vs-Wiener-Viktoria,https://www.oefb.at/bewerbe/Bewerb/Spielplan/226510?Regionalliga-Ost,2026-03-18T11:43:42Z
https://www.oefb.at/bewerbe/Spiel/3920516/?SV-Leobendorf-vs-Sportunion-Mauer,https://www.oefb.at/bewerbe/Bewerb/Spielplan/226510?Regionalliga-Ost,2026-03-18T11:43:42Z
https://www.oefb.at/bewerbe/Spiel/3920322/?SV-druckmittel-at-Gloggnitz-vs-Retz,https://www.oefb.at/bewerbe/Bewerb/Spielplan/226510?Regionalliga-Ost,2026-03-18T11:43:42Z
https://www.oefb.at/bewerbe/Spiel/3920501/?SC-Neusiedl-am-See-1919-vs-Wiener-Sport-Club,https://www.oefb.at/bewerbe/Bewerb/Spielplan/226510?Regionalliga-Ost,2026-03-18T11:43:42Z
https://www.oefb.at/bewerbe/Spiel/3920294/?FCM-Traiskirchen-vs-SV-Kloecher-Bau-Oberwart,https://www.oefb.at/bewerbe/Bewerb/Spielplan/226510?Regionalliga-Ost,2026-03-18T11:43:42Z
https://www.oefb.at/bewerbe/Spiel/3920315/?SG-Kremser-SC-Rehberg-KM-I-vs-FC-Marchfeld-Donauauen,https://www.oefb.at/bewerbe/Bewerb/Spielplan/226510?Regionalliga-Ost,2026-03-18T11:43:42Z
https://www.oefb.at/bewerbe/Spiel/3920323/?SC-ESV-Parndorf-1919-vs-TWL-Elektra,https://www.oefb.at/bewerbe/Bewerb/Spielplan/226510?Regionalliga-Ost,2026-03-18T11:43:42Z
https://www.oefb.at/bewerbe/Spiel/3920349/?FavAC-vs-SV-Leobendorf,https://www.oefb.at/bewerbe/Bewerb/Spielplan/226510?Regionalliga-Ost,2026-03-18T11:43:42Z
https://www.oefb.at/bewerbe/Spiel/3920475/?SR-Donaufeld-vs-SV-Horn,https://www.oefb.at/bewerbe/Bewerb/Spielplan/226510?Regionalliga-Ost,2026-03-18T11:43:42Z
https://www.oefb.at/bewerbe/Spiel/3920392/?Wiener-Viktoria-vs-SV-Donau,https://www.oefb.at/bewerbe/Bewerb/Spielplan/226510?Regionalliga-Ost,2026-03-18T11:43:42Z
https://www.oefb.at/bewerbe/Spiel/3920307/?Sportunion-Mauer-vs-SV-druckmittel-at-Gloggnitz,https://www.oefb.at/bewerbe/Bewerb/Spielplan/226510?Regionalliga-Ost,2026-03-18T11:43:42Z
https://www.oefb.at/bewerbe/Spiel/3920470/?SC-Neusiedl-am-See-1919-vs-FCM-Traiskirchen,https://www.oefb.at/bewerbe/Bewerb/Spielplan/226510?Regionalliga-Ost,2026-03-18T11:43:42Z
https://www.oefb.at/bewerbe/Spiel/3920493/?SV-Kloecher-Bau-Oberwart-vs-Wiener-Viktoria,https://www.oefb.at/bewerbe/Bewerb/Spielplan/226510?Regionalliga-Ost,2026-03-18T11:43:42Z
https://www.oefb.at/bewerbe/Spiel/3920413/?FC-Marchfeld-Donauauen-vs-SC-ESV-Parndorf-1919,https://www.oefb.at/bewerbe/Bewerb/Spielplan/226510?Regionalliga-Ost,2026-03-18T11:43:42Z
https://www.oefb.at/bewerbe/Spiel/3920402/?TWL-Elektra-vs-SR-Donaufeld,https://www.oefb.at/bewerbe/Bewerb/Spielplan/226510?Regionalliga-Ost,2026-03-18T11:43:42Z
https://www.oefb.at/bewerbe/Spiel/3920327/?SV-Donau-vs-SG-Kremser-SC-Rehberg-KM-I,https://www.oefb.at/bewerbe/Bewerb/Spielplan/226510?Regionalliga-Ost,2026-03-18T11:43:42Z
https://www.oefb.at/bewerbe/Spiel/3920325/?SV-Leobendorf-vs-Wiener-Sport-Club,https://www.oefb.at/bewerbe/Bewerb/Spielplan/226510?Regionalliga-Ost,2026-03-18T11:43:42Z
https://www.oefb.at/bewerbe/Spiel/3920536/?Retz-vs-Sportunion-Mauer,https://www.oefb.at/bewerbe/Bewerb/Spielplan/226510?Regionalliga-Ost,2026-03-18T11:43:42Z
https://www.oefb.at/bewerbe/Spiel/3920298/?SV-druckmittel-at-Gloggnitz-vs-FavAC,https://www.oefb.at/bewerbe/Bewerb/Spielplan/226510?Regionalliga-Ost,2026-03-18T11:43:42Z
https://www.oefb.at/bewerbe/Spiel/3920312/?SG-Kremser-SC-Rehberg-KM-I-vs-SV-Kloecher-Bau-Oberwart,https://www.oefb.at/bewerbe/Bewerb/Spielplan/226510?Regionalliga-Ost,2026-03-18T11:43:42Z
https://www.oefb.at/bewerbe/Spiel/3920316/?SC-ESV-Parndorf-1919-vs-SV-Donau,https://www.oefb.at/bewerbe/Bewerb/Spielplan/226510?Regionalliga-Ost,2026-03-18T11:43:42Z
https://www.oefb.at/bewerbe/Spiel/3920384/?FavAC-vs-Retz,https://www.oefb.at/bewerbe/Bewerb/Spielplan/226510?Regionalliga-Ost,2026-03-18T11:43:42Z
https://www.oefb.at/bewerbe/Spiel/3920427/?SV-Horn-vs-TWL-Elektra,https://www.oefb.at/bewerbe/Bewerb/Spielplan/226510?Regionalliga-Ost,2026-03-18T11:43:42Z
https://www.oefb.at/bewerbe/Spiel/3920531/?FCM-Traiskirchen-vs-SV-Leobendorf,https://www.oefb.at/bewerbe/Bewerb/Spielplan/226510?Regionalliga-Ost,2026-03-18T11:43:42Z
https://www.oefb.at/bewerbe/Spiel/3920311/?Wiener-Sport-Club-vs-SV-druckmittel-at-Gloggnitz,https://www.oefb.at/bewerbe/Bewerb/Spielplan/226510?Regionalliga-Ost,2026-03-18T11:43:42Z
https://www.oefb.at/bewerbe/Spiel/3920390/?Wiener-Viktoria-vs-SC-Neusiedl-am-See-1919,https://www.oefb.at/bewerbe/Bewerb/Spielplan/226510?Regionalliga-Ost,2026-03-18T11:43:42Z
https://www.oefb.at/bewerbe/Spiel/3920290/?SR-Donaufeld-vs-FC-Marchfeld-Donauauen,https://www.oefb.at/bewerbe/Bewerb/Spielplan/226510?Regionalliga-Ost,2026-03-18T11:43:42Z
https://www.oefb.at/bewerbe/Spiel/3920448/?Wiener-Viktoria-vs-SV-Leobendorf,https://www.oefb.at/bewerbe/Bewerb/Spielplan/226510?Regionalliga-Ost,2026-03-18T11:43:42Z
https://www.oefb.at/bewerbe/Spiel/3920403/?FavAC-vs-Sportunion-Mauer,https://www.oefb.at/bewerbe/Bewerb/Spielplan/226510?Regionalliga-Ost,2026-03-18T11:43:42Z
https://www.oefb.at/bewerbe/Spiel/3920452/?FCM-Traiskirchen-vs-SV-druckmittel-at-Gloggnitz,https://www.oefb.at/bewerbe/Bewerb/Spielplan/226510?Regionalliga-Ost,2026-03-18T11:43:42Z
https://www.oefb.at/bewerbe/Spiel/3920512/?SV-Horn-vs-FC-Marchfeld-Donauauen,https://www.oefb.at/bewerbe/Bewerb/Spielplan/226510?Regionalliga-Ost,2026-03-18T11:43:42Z
https://www.oefb.at/bewerbe/Spiel/3920380/?SV-Donau-vs-SR-Donaufeld,https://www.oefb.at/bewerbe/Bewerb/Spielplan/226510?Regionalliga-Ost,2026-03-18T11:43:42Z
https://www.oefb.at/bewerbe/Spiel/3920525/?SV-Kloecher-Bau-Oberwart-vs-SR-Donaufeld,https://www.oefb.at/bewerbe/Bewerb/Spielplan/226510?Regionalliga-Ost,2026-03-18T11:43:42Z
https://www.oefb.at/bewerbe/Spiel/3920485/?SC-Neusiedl-am-See-1919-vs-SC-ESV-Parndorf-1919,https://www.oefb.at/bewerbe/Bewerb/Spielplan/226510?Regionalliga-Ost,2026-03-18T11:43:42Z
https://www.oefb.at/bewerbe/Spiel/3920309/?FC-Marchfeld-Donauauen-vs-TWL-Elektra,https://www.oefb.at/bewerbe/Bewerb/Spielplan/226510?Regionalliga-Ost,2026-03-18T11:43:42Z
https://www.oefb.at/bewerbe/Spiel/3920526/?Sportunion-Mauer-vs-Wiener-Sport-Club,https://www.oefb.at/bewerbe/Bewerb/Spielplan/226510?Regionalliga-Ost,2026-03-18T11:43:42Z
https://www.oefb.at/bewerbe/Spiel/3920291/?Retz-vs-FCM-Traiskirchen,https://www.oefb.at/bewerbe/Bewerb/Spielplan/226510?Regionalliga-Ost,2026-03-18T11:43:42Z
https://www.oefb.at/bewerbe/Spiel/3920437/?SV-druckmittel-at-Gloggnitz-vs-Wiener-Viktoria,https://www.oefb.at/bewerbe/Bewerb/Spielplan/226510?Regionalliga-Ost,2026-03-18T11:43:42Z
https://www.oefb.at/bewerbe/Spiel/3920508/?SV-Leobendorf-vs-SG-Kremser-SC-Rehberg-KM-I,https://www.oefb.at/bewerbe/Bewerb/Spielplan/226510?Regionalliga-Ost,2026-03-18T11:43:42Z
https://www.oefb.at/bewerbe/Spiel/3920409/?SV-Donau-vs-SV-Horn,https://www.oefb.at/bewerbe/Bewerb/Spielplan/226510?Regionalliga-Ost,2026-03-18T11:43:42Z
https://www.oefb.at/bewerbe/Spiel/3920420/?SG-Kremser-SC-Rehberg-KM-I-vs-SV-druckmittel-at-Gloggnitz,https://www.oefb.at/bewerbe/Bewerb/Spielplan/226510?Regionalliga-Ost,2026-03-18T11:43:42Z
https://www.oefb.at/bewerbe/Spiel/3920545/?SV-Horn-vs-SV-Kloecher-Bau-Oberwart,https://www.oefb.at/bewerbe/Bewerb/Spielplan/226510?Regionalliga-Ost,2026-03-18T11:43:42Z
https://www.oefb.at/bewerbe/Spiel/3920406/?Wiener-Sport-Club-vs-FavAC,https://www.oefb.at/bewerbe/Bewerb/Spielplan/226510?Regionalliga-Ost,2026-03-18T11:43:42Z
https://www.oefb.at/bewerbe/Spiel/3920504/?SC-ESV-Parndorf-1919-vs-SV-Leobendorf,https://www.oefb.at/bewerbe/Bewerb/Spielplan/226510?Regionalliga-Ost,2026-03-18T11:43:42Z
https://www.oefb.at/bewerbe/Spiel/3920446/?FCM-Traiskirchen-vs-Sportunion-Mauer,https://www.oefb.at/bewerbe/Bewerb/Spielplan/226510?Regionalliga-Ost,2026-03-18T11:43:42Z
https://www.oefb.at/bewerbe/Spiel/3920289/?TWL-Elektra-vs-SV-Donau,https://www.oefb.at/bewerbe/Bewerb/Spielplan/226510?Regionalliga-Ost,2026-03-18T11:43:42Z
https://www.oefb.at/bewerbe/Spiel/3920515/?SR-Donaufeld-vs-SC-Neusiedl-am-See-1919,https://www.oefb.at/bewerbe/Bewerb/Spielplan/226510?Regionalliga-Ost,2026-03-18T11:43:42Z
https://www.oefb.at/bewerbe/Spiel/3920483/?Wiener-Viktoria-vs-Retz,https://www.oefb.at/bewerbe/Bewerb/Spielplan/226510?Regionalliga-Ost,2026-03-18T11:43:42Z
https://www.oefb.at/bewerbe/Spiel/3920387/?SV-Kloecher-Bau-Oberwart-vs-TWL-Elektra,https://www.oefb.at/bewerbe/Bewerb/Spielplan/226510?Regionalliga-Ost,2026-03-18T11:43:42Z
https://www.oefb.at/bewerbe/Spiel/3920326/?Sportunion-Mauer-vs-Wiener-Viktoria,https://www.oefb.at/bewerbe/Bewerb/Spielplan/226510?Regionalliga-Ost,2026-03-18T11:43:42Z
https://www.oefb.at/bewerbe/Spiel/3920542/?SC-Neusiedl-am-See-1919-vs-SV-Horn,https://www.oefb.at/bewerbe/Bewerb/Spielplan/226510?Regionalliga-Ost,2026-03-18T11:43:42Z
https://www.oefb.at/bewerbe/Spiel/3920419/?FavAC-vs-FCM-Traiskirchen,https://www.oefb.at/bewerbe/Bewerb/Spielplan/226510?Regionalliga-Ost,2026-03-18T11:43:42Z
https://www.oefb.at/bewerbe/Spiel/3920537/?SV-Donau-vs-FC-Marchfeld-Donauauen,https://www.oefb.at/bewerbe/Bewerb/Spielplan/226510?Regionalliga-Ost,2026-03-18T11:43:42Z
https://www.oefb.at/bewerbe/Spiel/3920279/?SV-druckmittel-at-Gloggnitz-vs-SC-ESV-Parndorf-1919,https://www.oefb.at/bewerbe/Bewerb/Spielplan/226510?Regionalliga-Ost,2026-03-18T11:43:42Z
https://www.oefb.at/bewerbe/Spiel/3920486/?SV-Leobendorf-vs-SR-Donaufeld,https://www.oefb.at/bewerbe/Bewerb/Spielplan/226510?Regionalliga-Ost,2026-03-18T11:43:42Z
https://www.oefb.at/bewerbe/Spiel/3920453/?Retz-vs-SG-Kremser-SC-Rehberg-KM-I,https://www.oefb.at/bewerbe/Bewerb/Spielplan/226510?Regionalliga-Ost,2026-03-18T11:43:42Z
https://www.oefb.at/bewerbe/Spiel/3920369/?SG-Kremser-SC-Rehberg-KM-I-vs-SC-Neusiedl-am-See-1919,https://www.oefb.at/bewerbe/Bewerb/Spielplan/226510?Regionalliga-Ost,2026-03-18T11:43:42Z
https://www.oefb.at/bewerbe/Spiel/3920431/?SC-ESV-Parndorf-1919-vs-SV-Kloecher-Bau-Oberwart,https://www.oefb.at/bewerbe/Bewerb/Spielplan/226510?Regionalliga-Ost,2026-03-18T11:43:42Z
https://www.oefb.at/bewerbe/Spiel/3920333/?Wiener-Sport-Club-vs-Retz,https://www.oefb.at/bewerbe/Bewerb/Spielplan/226510?Regionalliga-Ost,2026-03-18T11:43:42Z
https://www.oefb.at/bewerbe/Spiel/3920354/?SV-Horn-vs-SV-Leobendorf,https://www.oefb.at/bewerbe/Bewerb/Spielplan/226510?Regionalliga-Ost,2026-03-18T11:43:42Z
https://www.oefb.at/bewerbe/Spiel/3920374/?FC-Marchfeld-Donauauen-vs-SV-Kloecher-Bau-Oberwart,https://www.oefb.at/bewerbe/Bewerb/Spielplan/226510?Regionalliga-Ost,2026-03-18T11:43:42Z
https://www.oefb.at/bewerbe/Spiel/3920297/?SC-ESV-Parndorf-1919-vs-Retz,https://www.oefb.at/bewerbe/Bewerb/Spielplan/226510?Regionalliga-Ost,2026-03-18T11:43:42Z
https://www.oefb.at/bewerbe/Spiel/3920308/?TWL-Elektra-vs-SC-Neusiedl-am-See-1919,https://www.oefb.at/bewerbe/Bewerb/Spielplan/226510?Regionalliga-Ost,2026-03-18T11:43:42Z
https://www.oefb.at/bewerbe/Spiel/3920499/?FCM-Traiskirchen-vs-Wiener-Sport-Club,https://www.oefb.at/bewerbe/Bewerb/Spielplan/226510?Regionalliga-Ost,2026-03-18T11:43:42Z
https://www.oefb.at/bewerbe/Spiel/3920339/?Sportunion-Mauer-vs-SG-Kremser-SC-Rehberg-KM-I,https://www.oefb.at/bewerbe/Bewerb/Spielplan/226510?Regionalliga-Ost,2026-03-18T11:43:42Z
https://www.oefb.at/bewerbe/Spiel/3920396/?Wiener-Viktoria-vs-FavAC,https://www.oefb.at/bewerbe/Bewerb/Spielplan/226510?Regionalliga-Ost,2026-03-18T11:43:42Z
https://www.oefb.at/bewerbe/Spiel/3920529/?SR-Donaufeld-vs-SV-druckmittel-at-Gloggnitz,https://www.oefb.at/bewerbe/Bewerb/Spielplan/226510?Regionalliga-Ost,2026-03-18T11:43:42Z
https://www.oefb.at/bewerbe/Spiel/3920441/?SV-Kloecher-Bau-Oberwart-vs-SV-Donau,https://www.oefb.at/bewerbe/Bewerb/Spielplan/226510?Regionalliga-Ost,2026-03-18T11:43:42Z
https://www.oefb.at/bewerbe/Spiel/3920490/?FavAC-vs-SG-Kremser-SC-Rehberg-KM-I,https://www.oefb.at/bewerbe/Bewerb/Spielplan/226510?Regionalliga-Ost,2026-03-18T11:43:42Z
https://www.oefb.at/bewerbe/Spiel/3920346/?SV-druckmittel-at-Gloggnitz-vs-SV-Horn,https://www.oefb.at/bewerbe/Bewerb/Spielplan/226510?Regionalliga-Ost,2026-03-18T11:43:42Z
https://www.oefb.at/bewerbe/Spiel/3920394/?Wiener-Sport-Club-vs-Wiener-Viktoria,https://www.oefb.at/bewerbe/Bewerb/Spielplan/226510?Regionalliga-Ost,2026-03-18T11:43:42Z
https://www.oefb.at/bewerbe/Spiel/3920400/?SV-Leobendorf-vs-TWL-Elektra,https://www.oefb.at/bewerbe/Bewerb/Spielplan/226510?Regionalliga-Ost,2026-03-18T11:43:42Z
https://www.oefb.at/bewerbe/Spiel/3920539/?Sportunion-Mauer-vs-SC-ESV-Parndorf-1919,https://www.oefb.at/bewerbe/Bewerb/Spielplan/226510?Regionalliga-Ost,2026-03-18T11:43:42Z
https://www.oefb.at/bewerbe/Spiel/3920481/?Retz-vs-SR-Donaufeld,https://www.oefb.at/bewerbe/Bewerb/Spielplan/226510?Regionalliga-Ost,2026-03-18T11:43:42Z
https://www.oefb.at/bewerbe/Spiel/3920303/?SC-Neusiedl-am-See-1919-vs-FC-Marchfeld-Donauauen,https://www.oefb.at/bewerbe/Bewerb/Spielplan/226510?Regionalliga-Ost,2026-03-18T11:43:42Z
https://www.oefb.at/bewerbe/Spiel/3920410/?SV-Horn-vs-Retz,https://www.oefb.at/bewerbe/Bewerb/Spielplan/226510?Regionalliga-Ost,2026-03-18T11:43:42Z
https://www.oefb.at/bewerbe/Spiel/3920367/?SR-Donaufeld-vs-Sportunion-Mauer,https://www.oefb.at/bewerbe/Bewerb/Spielplan/226510?Regionalliga-Ost,2026-03-18T11:43:42Z
https://www.oefb.at/bewerbe/Spiel/3920533/?SV-Donau-vs-SC-Neusiedl-am-See-1919,https://www.oefb.at/bewerbe/Bewerb/Spielplan/226510?Regionalliga-Ost,2026-03-18T11:43:42Z
https://www.oefb.at/bewerbe/Spiel/3920368/?SC-ESV-Parndorf-1919-vs-FavAC,https://www.oefb.at/bewerbe/Bewerb/Spielplan/226510?Regionalliga-Ost,2026-03-18T11:43:42Z
https://www.oefb.at/bewerbe/Spiel/3920467/?FC-Marchfeld-Donauauen-vs-SV-Leobendorf,https://www.oefb.at/bewerbe/Bewerb/Spielplan/226510?Regionalliga-Ost,2026-03-18T11:43:42Z
https://www.oefb.at/bewerbe/Spiel/3920500/?Wiener-Sport-Club-vs-SG-Kremser-SC-Rehberg-KM-I,https://www.oefb.at/bewerbe/Bewerb/Spielplan/226510?Regionalliga-Ost,2026-03-18T11:43:42Z
https://www.oefb.at/bewerbe/Spiel/3920305/?TWL-Elektra-vs-SV-druckmittel-at-Gloggnitz,https://www.oefb.at/bewerbe/Bewerb/Spielplan/226510?Regionalliga-Ost,2026-03-18T11:43:42Z
https://www.oefb.at/bewerbe/Spiel/3920468/?Wiener-Viktoria-vs-FCM-Traiskirchen,https://www.oefb.at/bewerbe/Bewerb/Spielplan/226510?Regionalliga-Ost,2026-03-18T11:43:42Z
https://www.oefb.at/bewerbe/Spiel/3920439/?Sportunion-Mauer-vs-SV-Horn,https://www.oefb.at/bewerbe/Bewerb/Spielplan/226510?Regionalliga-Ost,2026-03-18T11:43:42Z
https://www.oefb.at/bewerbe/Spiel/3920329/?SV-druckmittel-at-Gloggnitz-vs-FC-Marchfeld-Donauauen,https://www.oefb.at/bewerbe/Bewerb/Spielplan/226510?Regionalliga-Ost,2026-03-18T11:43:42Z
https://www.oefb.at/bewerbe/Spiel/3920479/?Retz-vs-TWL-Elektra,https://www.oefb.at/bewerbe/Bewerb/Spielplan/226510?Regionalliga-Ost,2026-03-18T11:43:42Z
https://www.oefb.at/bewerbe/Spiel/3920362/?SV-Leobendorf-vs-SV-Donau,https://www.oefb.at/bewerbe/Bewerb/Spielplan/226510?Regionalliga-Ost,2026-03-18T11:43:42Z
https://www.oefb.at/bewerbe/Spiel/3920454/?Wiener-Sport-Club-vs-SC-ESV-Parndorf-1919,https://www.oefb.at/bewerbe/Bewerb/Spielplan/226510?Regionalliga-Ost,2026-03-18T11:43:42Z
https://www.oefb.at/bewerbe/Spiel/3920385/?FavAC-vs-SR-Donaufeld,https://www.oefb.at/bewerbe/Bewerb/Spielplan/226510?Regionalliga-Ost,2026-03-18T11:43:42Z
https://www.oefb.at/bewerbe/Spiel/3920389/?SC-Neusiedl-am-See-1919-vs-SV-Kloecher-Bau-Oberwart,https://www.oefb.at/bewerbe/Bewerb/Spielplan/226510?Regionalliga-Ost,2026-03-18T11:43:42Z
https://www.oefb.at/bewerbe/Spiel/3920461/?FCM-Traiskirchen-vs-SG-Kremser-SC-Rehberg-KM-I,https://www.oefb.at/bewerbe/Bewerb/Spielplan/226510?Regionalliga-Ost,2026-03-18T11:43:42Z
https://www.oefb.at/bewerbe/Spiel/3920520/?SV-Donau-vs-SV-druckmittel-at-Gloggnitz,https://www.oefb.at/bewerbe/Bewerb/Spielplan/226510?Regionalliga-Ost,2026-03-18T11:43:42Z
https://www.oefb.at/bewerbe/Spiel/3920356/?SG-Kremser-SC-Rehberg-KM-I-vs-Wiener-Viktoria,https://www.oefb.at/bewerbe/Bewerb/Spielplan/226510?Regionalliga-Ost,2026-03-18T11:43:42Z
https://www.oefb.at/bewerbe/Spiel/3920378/?SV-Kloecher-Bau-Oberwart-vs-SV-Leobendorf,https://www.oefb.at/bewerbe/Bewerb/Spielplan/226510?Regionalliga-Ost,2026-03-18T11:43:42Z
https://www.oefb.at/bewerbe/Spiel/3920517/?TWL-Elektra-vs-Sportunion-Mauer,https://www.oefb.at/bewerbe/Bewerb/Spielplan/226510?Regionalliga-Ost,2026-03-18T11:43:42Z
https://www.oefb.at/bewerbe/Spiel/3920397/?Wiener-Sport-Club-vs-SR-Donaufeld,https://www.oefb.at/bewerbe/Bewerb/Spielplan/226510?Regionalliga-Ost,2026-03-18T11:43:42Z
https://www.oefb.at/bewerbe/Spiel/3920343/?SV-Horn-vs-FavAC,https://www.oefb.at/bewerbe/Bewerb/Spielplan/226510?Regionalliga-Ost,2026-03-18T11:43:42Z
https://www.oefb.at/bewerbe/Spiel/3920398/?FC-Marchfeld-Donauauen-vs-Retz,https://www.oefb.at/bewerbe/Bewerb/Spielplan/226510?Regionalliga-Ost,2026-03-18T11:43:42Z
https://www.oefb.at/bewerbe/Spiel/3920338/?SC-ESV-Parndorf-1919-vs-FCM-Traiskirchen,https://www.oefb.at/bewerbe/Bewerb/Spielplan/226510?Regionalliga-Ost,2026-03-18T11:43:42Z
https://www.oefb.at/bewerbe/Spiel/3920365/?Wiener-Sport-Club-vs-SV-Horn,https://www.oefb.at/bewerbe/Bewerb/Spielplan/226510?Regionalliga-Ost,2026-03-18T11:43:42Z
https://www.oefb.at/bewerbe/Spiel/3920363/?SV-Leobendorf-vs-SC-Neusiedl-am-See-1919,https://www.oefb.at/bewerbe/Bewerb/Spielplan/226510?Regionalliga-Ost,2026-03-18T11:43:42Z
https://www.oefb.at/bewerbe/Spiel/3920469/?SV-druckmittel-at-Gloggnitz-vs-SV-Kloecher-Bau-Oberwart,https://www.oefb.at/bewerbe/Bewerb/Spielplan/226510?Regionalliga-Ost,2026-03-18T11:43:42Z
https://www.oefb.at/bewerbe/Spiel/3920377/?FavAC-vs-TWL-Elektra,https://www.oefb.at/bewerbe/Bewerb/Spielplan/226510?Regionalliga-Ost,2026-03-18T11:43:42Z
https://www.oefb.at/bewerbe/Spiel/3920407/?Sportunion-Mauer-vs-FC-Marchfeld-Donauauen,https://www.oefb.at/bewerbe/Bewerb/Spielplan/226510?Regionalliga-Ost,2026-03-18T11:43:42Z
https://www.oefb.at/bewerbe/Spiel/3920495/?FCM-Traiskirchen-vs-SR-Donaufeld,https://www.oefb.at/bewerbe/Bewerb/Spielplan/226510?Regionalliga-Ost,2026-03-18T11:43:42Z
https://www.oefb.at/bewerbe/Spiel/3920372/?Wiener-Viktoria-vs-SC-ESV-Parndorf-1919,https://www.oefb.at/bewerbe/Bewerb/Spielplan/226510?Regionalliga-Ost,2026-03-18T11:43:42Z
https://www.oefb.at/bewerbe/Spiel/3920462/?Retz-vs-SV-Donau,https://www.oefb.at/bewerbe/Bewerb/Spielplan/226510?Regionalliga-Ost,2026-03-18T11:43:42Z
https://www.oefb.at/bewerbe/Spiel/3920330/?SC-Neusiedl-am-See-1919-vs-SV-druckmittel-at-Gloggnitz,https://www.oefb.at/bewerbe/Bewerb/Spielplan/226510?Regionalliga-Ost,2026-03-18T11:43:42Z
https://www.oefb.at/bewerbe/Spiel/3920388/?Wiener-Sport-Club-vs-TWL-Elektra,https://www.oefb.at/bewerbe/Bewerb/Spielplan/226510?Regionalliga-Ost,2026-03-18T11:43:42Z
https://www.oefb.at/bewerbe/Spiel/3920375/?SC-ESV-Parndorf-1919-vs-SG-Kremser-SC-Rehberg-KM-I,https://www.oefb.at/bewerbe/Bewerb/Spielplan/226510?Regionalliga-Ost,2026-03-18T11:43:42Z
https://www.oefb.at/bewerbe/Spiel/3920281/?SV-Kloecher-Bau-Oberwart-vs-Retz,https://www.oefb.at/bewerbe/Bewerb/Spielplan/226510?Regionalliga-Ost,2026-03-18T11:43:42Z
https://www.oefb.at/bewerbe/Spiel/3920488/?FC-Marchfeld-Donauauen-vs-FavAC,https://www.oefb.at/bewerbe/Bewerb/Spielplan/226510?Regionalliga-Ost,2026-03-18T11:43:42Z
https://www.oefb.at/bewerbe/Spiel/3920313/?SV-Horn-vs-FCM-Traiskirchen,https://www.oefb.at/bewerbe/Bewerb/Spielplan/226510?Regionalliga-Ost,2026-03-18T11:43:42Z
https://www.oefb.at/bewerbe/Spiel/3920351/?SV-Donau-vs-Sportunion-Mauer,https://www.oefb.at/bewerbe/Bewerb/Spielplan/226510?Regionalliga-Ost,2026-03-18T11:43:42Z
https://www.oefb.at/bewerbe/Spiel/3920429/?SR-Donaufeld-vs-Wiener-Viktoria,https://www.oefb.at/bewerbe/Bewerb/Spielplan/226510?Regionalliga-Ost,2026-03-18T11:43:42Z
https://www.oefb.at/bewerbe/Spiel/3920412/?FCM-Traiskirchen-vs-TWL-Elektra,https://www.oefb.at/bewerbe/Bewerb/Spielplan/226510?Regionalliga-Ost,2026-03-18T11:43:42Z
https://www.oefb.at/bewerbe/Spiel/3920345/?SV-druckmittel-at-Gloggnitz-vs-SV-Leobendorf,https://www.oefb.at/bewerbe/Bewerb/Spielplan/226510?Regionalliga-Ost,2026-03-18T11:43:42Z
https://www.oefb.at/bewerbe/Spiel/3920358/?Wiener-Sport-Club-vs-FC-Marchfeld-Donauauen,https://www.oefb.at/bewerbe/Bewerb/Spielplan/226510?Regionalliga-Ost,2026-03-18T11:43:42Z
https://www.oefb.at/bewerbe/Spiel/3920383/?FavAC-vs-SV-Donau,https://www.oefb.at/bewerbe/Bewerb/Spielplan/226510?Regionalliga-Ost,2026-03-18T11:43:42Z
https://www.oefb.at/bewerbe/Spiel/3920442/?Sportunion-Mauer-vs-SV-Kloecher-Bau-Oberwart,https://www.oefb.at/bewerbe/Bewerb/Spielplan/226510?Regionalliga-Ost,2026-03-18T11:43:42Z
https://www.oefb.at/bewerbe/Spiel/3920546/?SG-Kremser-SC-Rehberg-KM-I-vs-SR-Donaufeld,https://www.oefb.at/bewerbe/Bewerb/Spielplan/226510?Regionalliga-Ost,2026-03-18T11:43:42Z
https://www.oefb.at/bewerbe/Spiel/3920381/?Wiener-Viktoria-vs-SV-Horn,https://www.oefb.at/bewerbe/Bewerb/Spielplan/226510?Regionalliga-Ost,2026-03-18T11:43:42Z
https://www.oefb.at/bewerbe/Spiel/3920482/?Retz-vs-SC-Neusiedl-am-See-1919,https://www.oefb.at/bewerbe/Bewerb/Spielplan/226510?Regionalliga-Ost,2026-03-18T11:43:42Z
https://www.oefb.at/bewerbe/Spiel/3920424/?FC-Marchfeld-Donauauen-vs-FCM-Traiskirchen,https://www.oefb.at/bewerbe/Bewerb/Spielplan/226510?Regionalliga-Ost,2026-03-18T11:43:42Z
https://www.oefb.at/bewerbe/Spiel/3920418/?SC-Neusiedl-am-See-1919-vs-Sportunion-Mauer,https://www.oefb.at/bewerbe/Bewerb/Spielplan/226510?Regionalliga-Ost,2026-03-18T11:43:42Z
https://www.oefb.at/bewerbe/Spiel/3920379/?TWL-Elektra-vs-Wiener-Viktoria,https://www.oefb.at/bewerbe/Bewerb/Spielplan/226510?Regionalliga-Ost,2026-03-18T11:43:42Z
https://www.oefb.at/bewerbe/Spiel/3920321/?Wiener-Sport-Club-vs-SV-Donau,https://www.oefb.at/bewerbe/Bewerb/Spielplan/226510?Regionalliga-Ost,2026-03-18T11:43:42Z
https://www.oefb.at/bewerbe/Spiel/3920510/?SV-Kloecher-Bau-Oberwart-vs-FavAC,https://www.oefb.at/bewerbe/Bewerb/Spielplan/226510?Regionalliga-Ost,2026-03-18T11:43:42Z
https://www.oefb.at/bewerbe/Spiel/3920474/?SV-Leobendorf-vs-Retz,https://www.oefb.at/bewerbe/Bewerb/Spielplan/226510?Regionalliga-Ost,2026-03-18T11:43:42Z
https://www.oefb.at/bewerbe/Spiel/3920548/?SR-Donaufeld-vs-SC-ESV-Parndorf-1919,https://www.oefb.at/bewerbe/Bewerb/Spielplan/226510?Regionalliga-Ost,2026-03-18T11:43:42Z
https://www.oefb.at/bewerbe/Spiel/3920544/?SV-Horn-vs-SG-Kremser-SC-Rehberg-KM-I,https://www.oefb.at/bewerbe/Bewerb/Spielplan/226510?Regionalliga-Ost,2026-03-18T11:43:42Z
https://www.oefb.at/bewerbe/Spiel/3920395/?FavAC-vs-SC-Neusiedl-am-See-1919,https://www.oefb.at/bewerbe/Bewerb/Spielplan/226510?Regionalliga-Ost,2026-03-18T11:43:42Z
https://www.oefb.at/bewerbe/Spiel/3920335/?Sportunion-Mauer-vs-SV-Leobendorf,https://www.oefb.at/bewerbe/Bewerb/Spielplan/226510?Regionalliga-Ost,2026-03-18T11:43:42Z
https://www.oefb.at/bewerbe/Spiel/3920314/?SG-Kremser-SC-Rehberg-KM-I-vs-TWL-Elektra,https://www.oefb.at/bewerbe/Bewerb/Spielplan/226510?Regionalliga-Ost,2026-03-18T11:43:42Z
https://www.oefb.at/bewerbe/Spiel/3920527/?SV-Donau-vs-FCM-Traiskirchen,https://www.oefb.at/bewerbe/Bewerb/Spielplan/226510?Regionalliga-Ost,2026-03-18T11:43:42Z
https://www.oefb.at/bewerbe/Spiel/3920422/?Wiener-Sport-Club-vs-SV-Kloecher-Bau-Oberwart,https://www.oefb.at/bewerbe/Bewerb/Spielplan/226510?Regionalliga-Ost,2026-03-18T11:43:42Z
https://www.oefb.at/bewerbe/Spiel/3920359/?SC-ESV-Parndorf-1919-vs-SV-Horn,https://www.oefb.at/bewerbe/Bewerb/Spielplan/226510?Regionalliga-Ost,2026-03-18T11:43:42Z
https://www.oefb.at/bewerbe/Spiel/3920353/?Retz-vs-SV-druckmittel-at-Gloggnitz,https://www.oefb.at/bewerbe/Bewerb/Spielplan/226510?Regionalliga-Ost,2026-03-18T11:43:42Z
https://www.oefb.at/bewerbe/Spiel/3920357/?Wiener-Viktoria-vs-FC-Marchfeld-Donauauen,https://www.oefb.at/bewerbe/Bewerb/Spielplan/226510?Regionalliga-Ost,2026-03-18T11:43:42Z
https://www.oefb.at/bewerbe/Spiel/3920332/?Wiener-Sport-Club-vs-SC-Neusiedl-am-See-1919,https://www.oefb.at/bewerbe/Bewerb/Spielplan/226510?Regionalliga-Ost,2026-03-18T11:43:42Z
https://www.oefb.at/bewerbe/Spiel/3920337/?SV-druckmittel-at-Gloggnitz-vs-Sportunion-Mauer,https://www.oefb.at/bewerbe/Bewerb/Spielplan/226510?Regionalliga-Ost,2026-03-18T11:43:42Z
https://www.oefb.at/bewerbe/Spiel/3920466/?TWL-Elektra-vs-SC-ESV-Parndorf-1919,https://www.oefb.at/bewerbe/Bewerb/Spielplan/226510?Regionalliga-Ost,2026-03-18T11:43:42Z
https://www.oefb.at/bewerbe/Spiel/3920455/?SV-Donau-vs-Wiener-Viktoria,https://www.oefb.at/bewerbe/Bewerb/Spielplan/226510?Regionalliga-Ost,2026-03-18T11:43:42Z
https://www.oefb.at/bewerbe/Spiel/3920507/?FC-Marchfeld-Donauauen-vs-SG-Kremser-SC-Rehberg-KM-I,https://www.oefb.at/bewerbe/Bewerb/Spielplan/226510?Regionalliga-Ost,2026-03-18T11:43:42Z
https://www.oefb.at/bewerbe/Spiel/3920540/?SV-Horn-vs-SR-Donaufeld,https://www.oefb.at/bewerbe/Bewerb/Spielplan/226510?Regionalliga-Ost,2026-03-18T11:43:42Z
https://www.oefb.at/bewerbe/Spiel/3920416/?SV-Kloecher-Bau-Oberwart-vs-FCM-Traiskirchen,https://www.oefb.at/bewerbe/Bewerb/Spielplan/226510?Regionalliga-Ost,2026-03-18T11:43:42Z
https://www.oefb.at/bewerbe/Spiel/3920355/?SV-Leobendorf-vs-FavAC,https://www.oefb.at/bewerbe/Bewerb/Spielplan/226510?Regionalliga-Ost,2026-03-18T11:43:42Z
https://www.oefb.at/bewerbe/Spiel/3920417/?SC-ESV-Parndorf-1919-vs-FC-Marchfeld-Donauauen,https://www.oefb.at/bewerbe/Bewerb/Spielplan/226510?Regionalliga-Ost,2026-03-18T11:43:42Z
https://www.oefb.at/bewerbe/Spiel/3920521/?Wiener-Sport-Club-vs-SV-Leobendorf,https://www.oefb.at/bewerbe/Bewerb/Spielplan/226510?Regionalliga-Ost,2026-03-18T11:43:42Z
https://www.oefb.at/bewerbe/Spiel/3920370/?SG-Kremser-SC-Rehberg-KM-I-vs-SV-Donau,https://www.oefb.at/bewerbe/Bewerb/Spielplan/226510?Regionalliga-Ost,2026-03-18T11:43:42Z
https://www.oefb.at/bewerbe/Spiel/3920484/?FavAC-vs-SV-druckmittel-at-Gloggnitz,https://www.oefb.at/bewerbe/Bewerb/Spielplan/226510?Regionalliga-Ost,2026-03-18T11:43:42Z
https://www.oefb.at/bewerbe/Spiel/3920464/?SR-Donaufeld-vs-TWL-Elektra,https://www.oefb.at/bewerbe/Bewerb/Spielplan/226510?Regionalliga-Ost,2026-03-18T11:43:42Z
https://www.oefb.at/bewerbe/Spiel/3920473/?FCM-Traiskirchen-vs-SC-Neusiedl-am-See-1919,https://www.oefb.at/bewerbe/Bewerb/Spielplan/226510?Regionalliga-Ost,2026-03-18T11:43:42Z
https://www.oefb.at/bewerbe/Spiel/3920535/?Sportunion-Mauer-vs-Retz,https://www.oefb.at/bewerbe/Bewerb/Spielplan/226510?Regionalliga-Ost,2026-03-18T11:43:42Z
https://www.oefb.at/bewerbe/Spiel/3920541/?Wiener-Viktoria-vs-SV-Kloecher-Bau-Oberwart,https://www.oefb.at/bewerbe/Bewerb/Spielplan/226510?Regionalliga-Ost,2026-03-18T11:43:42Z
https://www.oefb.at/bewerbe/Spiel/3920497/?SV-Leobendorf-vs-FCM-Traiskirchen,https://www.oefb.at/bewerbe/Bewerb/Spielplan/226510?Regionalliga-Ost,2026-03-18T11:43:42Z
https://www.oefb.at/bewerbe/Spiel/3920496/?SC-Neusiedl-am-See-1919-vs-Wiener-Viktoria,https://www.oefb.at/bewerbe/Bewerb/Spielplan/226510?Regionalliga-Ost,2026-03-18T11:43:42Z
https://www.oefb.at/bewerbe/Spiel/3920393/?SV-Donau-vs-SC-ESV-Parndorf-1919,https://www.oefb.at/bewerbe/Bewerb/Spielplan/226510?Regionalliga-Ost,2026-03-18T11:43:42Z
https://www.oefb.at/bewerbe/Spiel/3920457/?FC-Marchfeld-Donauauen-vs-SR-Donaufeld,https://www.oefb.at/bewerbe/Bewerb/Spielplan/226510?Regionalliga-Ost,2026-03-18T11:43:42Z
https://www.oefb.at/bewerbe/Spiel/3920344/?TWL-Elektra-vs-SV-Horn,https://www.oefb.at/bewerbe/Bewerb/Spielplan/226510?Regionalliga-Ost,2026-03-18T11:43:42Z
https://www.oefb.at/bewerbe/Spiel/3920434/?SV-Kloecher-Bau-Oberwart-vs-SG-Kremser-SC-Rehberg-KM-I,https://www.oefb.at/bewerbe/Bewerb/Spielplan/226510?Regionalliga-Ost,2026-03-18T11:43:42Z
https://www.oefb.at/bewerbe/Spiel/3920450/?SV-druckmittel-at-Gloggnitz-vs-Wiener-Sport-Club,https://www.oefb.at/bewerbe/Bewerb/Spielplan/226510?Regionalliga-Ost,2026-03-18T11:43:42Z
https://www.oefb.at/bewerbe/Spiel/3920506/?Retz-vs-FavAC,https://www.oefb.at/bewerbe/Bewerb/Spielplan/226510?Regionalliga-Ost,2026-03-18T11:43:42Z
